<?xml version="1.0"?>
<config>
    <sections>
        <foomancommon>
            <groups>
                <extensions>
                    <fields>
                        <emailattachments translate="label" module="emailattachments">
                            <label>Email Attachments</label>
                            <frontend_type>label</frontend_type>
                            <frontend_model>emailattachments/adminhtml_extensioninfo</frontend_model>
                            <sort_order>31</sort_order>
                            <show_in_default>1</show_in_default>
                            <show_in_website>1</show_in_website>
                            <show_in_store>1</show_in_store>
                        </emailattachments>
                    </fields>
                </extensions>
            </groups>
        </foomancommon>
        <sales_email>
            <groups>
                <order>
                    <fields>
                        <attachpdf translate="label">
                            <label>Attach Order as PDF</label>
                            <tooltip>When set to Yes, your invoice pdf document will be
                                automatically attached to the invoice email.</tooltip>
                            <frontend_type>select</frontend_type>
                            <source_model>adminhtml/system_config_source_yesno</source_model>
                            <sort_order>50</sort_order>
                            <show_in_default>1</show_in_default>
                            <show_in_website>1</show_in_website>
                            <show_in_store>1</show_in_store>
                        </attachpdf>
                        <attachagreement translate="label">
                            <label>Attach Terms and Conditions</label>
                            <tooltip><![CDATA[When set to Yes, your Terms and Conditions pdf document
                                (from <b>Sales &gt; Terms and Conditions</b>) will be automatically attached to the email. Terms
                                and conditions as html and text files are not supported.]]></tooltip>
                            <frontend_type>select</frontend_type>
                            <source_model>adminhtml/system_config_source_yesno</source_model>
                            <sort_order>70</sort_order>
                            <show_in_default>1</show_in_default>
                            <show_in_website>1</show_in_website>
                            <show_in_store>1</show_in_store>
                        </attachagreement>
                        <attachfile_1 translate="label">
                            <label>Attach Pdf File</label>
                            <tooltip>Choose to upload any pdf document to automatically attach to the email - for example,
                                your return policy, a coupon or voucher, your latest newsletter.</tooltip>
                            <frontend_type>file</frontend_type>
                            <upload_dir config="system/filesystem/media">pdfs</upload_dir>
                            <backend_model>emailattachments/system_file</backend_model>
                            <sort_order>75</sort_order>
                            <show_in_default>1</show_in_default>
                            <show_in_website>1</show_in_website>
                            <show_in_store>1</show_in_store>
                        </attachfile_1>
                        <attachfile_2 translate="label">
                            <label>Attach Pdf File</label>
                            <tooltip>Choose to upload any pdf document to automatically attach to the email - for example,
                                your return policy, a coupon or voucher, your latest newsletter.</tooltip>
                            <frontend_type>file</frontend_type>
                            <upload_dir config="system/filesystem/media">pdfs</upload_dir>
                            <backend_model>emailattachments/system_file</backend_model>
                            <sort_order>75</sort_order>
                            <show_in_default>1</show_in_default>
                            <show_in_website>1</show_in_website>
                            <show_in_store>1</show_in_store>
                        </attachfile_2>
                        <attachfile_3 translate="label">
                            <label>Attach Pdf File</label>
                            <tooltip>Choose to upload any pdf document to automatically attach to the email - for example,
                                your return policy, a coupon or voucher, your latest newsletter.</tooltip>
                            <frontend_type>file</frontend_type>
                            <upload_dir config="system/filesystem/media">pdfs</upload_dir>
                            <backend_model>emailattachments/system_file</backend_model>
                            <sort_order>75</sort_order>
                            <show_in_default>1</show_in_default>
                            <show_in_website>1</show_in_website>
                            <show_in_store>1</show_in_store>
                        </attachfile_3>
                        <attachfile_4 translate="label">
                            <label>Attach Pdf File</label>
                            <tooltip>Choose to upload any pdf document to automatically attach to the email - for example,
                                your return policy, a coupon or voucher, your latest newsletter.</tooltip>
                            <frontend_type>file</frontend_type>
                            <upload_dir config="system/filesystem/media">pdfs</upload_dir>
                            <backend_model>emailattachments/system_file</backend_model>
                            <sort_order>75</sort_order>
                            <show_in_default>1</show_in_default>
                            <show_in_website>1</show_in_website>
                            <show_in_store>1</show_in_store>
                        </attachfile_4>
                        <attachfile_5 translate="label">
                            <label>Attach Pdf File</label>
                            <tooltip>Choose to upload any pdf document to automatically attach to the email - for example,
                                your return policy, a coupon or voucher, your latest newsletter.</tooltip>
                            <frontend_type>file</frontend_type>
                            <upload_dir config="system/filesystem/media">pdfs</upload_dir>
                            <backend_model>emailattachments/system_file</backend_model>
                            <sort_order>75</sort_order>
                            <show_in_default>1</show_in_default>
                            <show_in_website>1</show_in_website>
                            <show_in_store>1</show_in_store>
                        </attachfile_5>
                        <sendpackingslip translate="label">
                            <if_module_enabled>Fooman_PdfCustomiser</if_module_enabled>
                            <label>Send Packing Slip</label>
                            <frontend_type>select</frontend_type>
                            <source_model>adminhtml/system_config_source_yesno</source_model>
                            <sort_order>85</sort_order>
                            <show_in_default>1</show_in_default>
                            <show_in_website>1</show_in_website>
                            <show_in_store>1</show_in_store>
                        </sendpackingslip>
                        <shipment_template translate="label">
                            <if_module_enabled>Fooman_PdfCustomiser</if_module_enabled>
                            <label>Packingslip Template</label>
                            <frontend_type>select</frontend_type>
                            <source_model>adminhtml/system_config_source_email_template</source_model>
                            <sort_order>86</sort_order>
                            <show_in_default>1</show_in_default>
                            <show_in_website>1</show_in_website>
                            <show_in_store>1</show_in_store>
                        </shipment_template>
                        <shipment_to translate="label comment">
                            <if_module_enabled>Fooman_PdfCustomiser</if_module_enabled>
                            <label>Send Packingslip To</label>
                            <frontend_type>text</frontend_type>
                            <sort_order>87</sort_order>
                            <show_in_default>1</show_in_default>
                            <show_in_website>1</show_in_website>
                            <show_in_store>1</show_in_store>
                            <comment>Comma-separated.</comment>
                        </shipment_to>
                    </fields>
                </order>
                <order_comment>
                    <fields>
                        <attachpdf translate="label">
                            <label>Attach Order as PDF</label>
                            <tooltip>When set to Yes, your invoice pdf document will be
                                automatically attached to the invoice email.</tooltip>
                            <frontend_type>select</frontend_type>
                            <source_model>adminhtml/system_config_source_yesno</source_model>
                            <sort_order>50</sort_order>
                            <show_in_default>1</show_in_default>
                            <show_in_website>1</show_in_website>
                            <show_in_store>1</show_in_store>
                        </attachpdf>
                        <attachagreement translate="label">
                            <label>Attach Terms and Conditions</label>
                            <tooltip><![CDATA[When set to Yes, your Terms and Conditions pdf document
                                (from <b>Sales &gt; Terms and Conditions</b>) will be automatically attached to the email. Terms
                                and conditions as html and text files are not supported.]]></tooltip>
                            <frontend_type>select</frontend_type>
                            <source_model>adminhtml/system_config_source_yesno</source_model>
                            <sort_order>70</sort_order>
                            <show_in_default>1</show_in_default>
                            <show_in_website>1</show_in_website>
                            <show_in_store>1</show_in_store>
                        </attachagreement>
                        <attachfile_1 translate="label">
                            <label>Attach Pdf File</label>
                            <tooltip>Choose to upload any pdf document to automatically attach to the email - for example,
                                your return policy, a coupon or voucher, your latest newsletter.</tooltip>
                            <frontend_type>file</frontend_type>
                            <upload_dir config="system/filesystem/media">pdfs</upload_dir>
                            <backend_model>emailattachments/system_file</backend_model>
                            <sort_order>75</sort_order>
                            <show_in_default>1</show_in_default>
                            <show_in_website>1</show_in_website>
                            <show_in_store>1</show_in_store>
                        </attachfile_1>
                        <attachfile_2 translate="label">
                            <label>Attach Pdf File</label>
                            <tooltip>Choose to upload any pdf document to automatically attach to the email - for example,
                                your return policy, a coupon or voucher, your latest newsletter.</tooltip>
                            <frontend_type>file</frontend_type>
                            <upload_dir config="system/filesystem/media">pdfs</upload_dir>
                            <backend_model>emailattachments/system_file</backend_model>
                            <sort_order>75</sort_order>
                            <show_in_default>1</show_in_default>
                            <show_in_website>1</show_in_website>
                            <show_in_store>1</show_in_store>
                        </attachfile_2>
                        <attachfile_3 translate="label">
                            <label>Attach Pdf File</label>
                            <tooltip>Choose to upload any pdf document to automatically attach to the email - for example,
                                your return policy, a coupon or voucher, your latest newsletter.</tooltip>
                            <frontend_type>file</frontend_type>
                            <upload_dir config="system/filesystem/media">pdfs</upload_dir>
                            <backend_model>emailattachments/system_file</backend_model>
                            <sort_order>75</sort_order>
                            <show_in_default>1</show_in_default>
                            <show_in_website>1</show_in_website>
                            <show_in_store>1</show_in_store>
                        </attachfile_3>
                        <attachfile_4 translate="label">
                            <label>Attach Pdf File</label>
                            <tooltip>Choose to upload any pdf document to automatically attach to the email - for example,
                                your return policy, a coupon or voucher, your latest newsletter.</tooltip>
                            <frontend_type>file</frontend_type>
                            <upload_dir config="system/filesystem/media">pdfs</upload_dir>
                            <backend_model>emailattachments/system_file</backend_model>
                            <sort_order>75</sort_order>
                            <show_in_default>1</show_in_default>
                            <show_in_website>1</show_in_website>
                            <show_in_store>1</show_in_store>
                        </attachfile_4>
                        <attachfile_5 translate="label">
                            <label>Attach Pdf File</label>
                            <tooltip>Choose to upload any pdf document to automatically attach to the email - for example,
                                your return policy, a coupon or voucher, your latest newsletter.</tooltip>
                            <frontend_type>file</frontend_type>
                            <upload_dir config="system/filesystem/media">pdfs</upload_dir>
                            <backend_model>emailattachments/system_file</backend_model>
                            <sort_order>75</sort_order>
                            <show_in_default>1</show_in_default>
                            <show_in_website>1</show_in_website>
                            <show_in_store>1</show_in_store>
                        </attachfile_5>
                    </fields>
                </order_comment>
                <invoice>
                    <fields>
                        <attachpdf translate="label">
                            <label>Attach Invoice as PDF</label>
                            <tooltip>When set to Yes, your invoice pdf document will be
                                automatically attached to the invoice email.</tooltip>
                            <frontend_type>select</frontend_type>
                            <source_model>adminhtml/system_config_source_yesno</source_model>
                            <sort_order>50</sort_order>
                            <show_in_default>1</show_in_default>
                            <show_in_website>1</show_in_website>
                            <show_in_store>1</show_in_store>
                        </attachpdf>
                        <attachagreement translate="label">
                            <label>Attach Terms and Conditions</label>
                            <tooltip><![CDATA[When set to Yes, your Terms and Conditions pdf document
                                (from <b>Sales &gt; Terms and Conditions</b>) will be automatically attached to the email. Terms
                                and conditions as html and text files are not supported.]]></tooltip>
                            <frontend_type>select</frontend_type>
                            <source_model>adminhtml/system_config_source_yesno</source_model>
                            <sort_order>70</sort_order>
                            <show_in_default>1</show_in_default>
                            <show_in_website>1</show_in_website>
                            <show_in_store>1</show_in_store>
                        </attachagreement>
                        <attachfile_1 translate="label">
                            <label>Attach Pdf File</label>
                            <tooltip>Choose to upload any pdf document to automatically attach to the email - for example,
                                your return policy, a coupon or voucher, your latest newsletter.</tooltip>
                            <frontend_type>file</frontend_type>
                            <upload_dir config="system/filesystem/media">pdfs</upload_dir>
                            <backend_model>emailattachments/system_file</backend_model>
                            <sort_order>75</sort_order>
                            <show_in_default>1</show_in_default>
                            <show_in_website>1</show_in_website>
                            <show_in_store>1</show_in_store>
                        </attachfile_1>
                        <attachfile_2 translate="label">
                            <label>Attach Pdf File</label>
                            <tooltip>Choose to upload any pdf document to automatically attach to the email - for example,
                                your return policy, a coupon or voucher, your latest newsletter.</tooltip>
                            <frontend_type>file</frontend_type>
                            <upload_dir config="system/filesystem/media">pdfs</upload_dir>
                            <backend_model>emailattachments/system_file</backend_model>
                            <sort_order>75</sort_order>
                            <show_in_default>1</show_in_default>
                            <show_in_website>1</show_in_website>
                            <show_in_store>1</show_in_store>
                        </attachfile_2>
                        <attachfile_3 translate="label">
                            <label>Attach Pdf File</label>
                            <tooltip>Choose to upload any pdf document to automatically attach to the email - for example,
                                your return policy, a coupon or voucher, your latest newsletter.</tooltip>
                            <frontend_type>file</frontend_type>
                            <upload_dir config="system/filesystem/media">pdfs</upload_dir>
                            <backend_model>emailattachments/system_file</backend_model>
                            <sort_order>75</sort_order>
                            <show_in_default>1</show_in_default>
                            <show_in_website>1</show_in_website>
                            <show_in_store>1</show_in_store>
                        </attachfile_3>
                        <attachfile_4 translate="label">
                            <label>Attach Pdf File</label>
                            <tooltip>Choose to upload any pdf document to automatically attach to the email - for example,
                                your return policy, a coupon or voucher, your latest newsletter.</tooltip>
                            <frontend_type>file</frontend_type>
                            <upload_dir config="system/filesystem/media">pdfs</upload_dir>
                            <backend_model>emailattachments/system_file</backend_model>
                            <sort_order>75</sort_order>
                            <show_in_default>1</show_in_default>
                            <show_in_website>1</show_in_website>
                            <show_in_store>1</show_in_store>
                        </attachfile_4>
                        <attachfile_5 translate="label">
                            <label>Attach Pdf File</label>
                            <tooltip>Choose to upload any pdf document to automatically attach to the email - for example,
                                your return policy, a coupon or voucher, your latest newsletter.</tooltip>
                            <frontend_type>file</frontend_type>
                            <upload_dir config="system/filesystem/media">pdfs</upload_dir>
                            <backend_model>emailattachments/system_file</backend_model>
                            <sort_order>75</sort_order>
                            <show_in_default>1</show_in_default>
                            <show_in_website>1</show_in_website>
                            <show_in_store>1</show_in_store>
                        </attachfile_5>
                    </fields>
                </invoice>
                <invoice_comment>
                    <fields>
                        <attachpdf translate="label">
                            <label>Attach Invoice as PDF</label>
                            <tooltip>When set to Yes, your invoice pdf document will be
                                automatically attached to the invoice email.</tooltip>
                            <frontend_type>select</frontend_type>
                            <source_model>adminhtml/system_config_source_yesno</source_model>
                            <sort_order>50</sort_order>
                            <show_in_default>1</show_in_default>
                            <show_in_website>1</show_in_website>
                            <show_in_store>1</show_in_store>
                        </attachpdf>
                        <attachagreement translate="label">
                            <label>Attach Terms and Conditions</label>
                            <tooltip><![CDATA[When set to Yes, your Terms and Conditions pdf document
                                (from <b>Sales &gt; Terms and Conditions</b>) will be automatically attached to the email. Terms
                                and conditions as html and text files are not supported.]]></tooltip> 
                            <frontend_type>select</frontend_type>
                            <source_model>adminhtml/system_config_source_yesno</source_model>
                            <sort_order>70</sort_order>
                            <show_in_default>1</show_in_default>
                            <show_in_website>1</show_in_website>
                            <show_in_store>1</show_in_store>
                        </attachagreement>
                        <attachfile_1 translate="label">
                            <label>Attach Pdf File</label>
                            <tooltip>Choose to upload any pdf document to automatically attach to the email - for example,
                                your return policy, a coupon or voucher, your latest newsletter.</tooltip>
                            <frontend_type>file</frontend_type>
                            <upload_dir config="system/filesystem/media">pdfs</upload_dir>
                            <backend_model>emailattachments/system_file</backend_model>
                            <sort_order>75</sort_order>
                            <show_in_default>1</show_in_default>
                            <show_in_website>1</show_in_website>
                            <show_in_store>1</show_in_store>
                        </attachfile_1>
                        <attachfile_2 translate="label">
                            <label>Attach Pdf File</label>
                            <tooltip>Choose to upload any pdf document to automatically attach to the email - for example,
                                your return policy, a coupon or voucher, your latest newsletter.</tooltip>
                            <frontend_type>file</frontend_type>
                            <upload_dir config="system/filesystem/media">pdfs</upload_dir>
                            <backend_model>emailattachments/system_file</backend_model>
                            <sort_order>75</sort_order>
                            <show_in_default>1</show_in_default>
                            <show_in_website>1</show_in_website>
                            <show_in_store>1</show_in_store>
                        </attachfile_2>
                        <attachfile_3 translate="label">
                            <label>Attach Pdf File</label>
                            <tooltip>Choose to upload any pdf document to automatically attach to the email - for example,
                                your return policy, a coupon or voucher, your latest newsletter.</tooltip>
                            <frontend_type>file</frontend_type>
                            <upload_dir config="system/filesystem/media">pdfs</upload_dir>
                            <backend_model>emailattachments/system_file</backend_model>
                            <sort_order>75</sort_order>
                            <show_in_default>1</show_in_default>
                            <show_in_website>1</show_in_website>
                            <show_in_store>1</show_in_store>
                        </attachfile_3>
                        <attachfile_4 translate="label">
                            <label>Attach Pdf File</label>
                            <tooltip>Choose to upload any pdf document to automatically attach to the email - for example,
                                your return policy, a coupon or voucher, your latest newsletter.</tooltip>
                            <frontend_type>file</frontend_type>
                            <upload_dir config="system/filesystem/media">pdfs</upload_dir>
                            <backend_model>emailattachments/system_file</backend_model>
                            <sort_order>75</sort_order>
                            <show_in_default>1</show_in_default>
                            <show_in_website>1</show_in_website>
                            <show_in_store>1</show_in_store>
                        </attachfile_4>
                        <attachfile_5 translate="label">
                            <label>Attach Pdf File</label>
                            <tooltip>Choose to upload any pdf document to automatically attach to the email - for example,
                                your return policy, a coupon or voucher, your latest newsletter.</tooltip>
                            <frontend_type>file</frontend_type>
                            <upload_dir config="system/filesystem/media">pdfs</upload_dir>
                            <backend_model>emailattachments/system_file</backend_model>
                            <sort_order>75</sort_order>
                            <show_in_default>1</show_in_default>
                            <show_in_website>1</show_in_website>
                            <show_in_store>1</show_in_store>
                        </attachfile_5>
                    </fields>
                </invoice_comment>
                <shipment>
                    <fields>
                        <attachpdf translate="label">
                            <label>Attach Packing Slip as PDF</label>
                            <tooltip>When set to Yes, your packing slip pdf document will be
                                automatically attached to the shipment email.</tooltip>
                            <frontend_type>select</frontend_type>
                            <source_model>adminhtml/system_config_source_yesno</source_model>
                            <sort_order>50</sort_order>
                            <show_in_default>1</show_in_default>
                            <show_in_website>1</show_in_website>
                            <show_in_store>1</show_in_store>
                        </attachpdf>
                        <attachagreement translate="label">
                            <label>Attach Terms and Conditions</label>
                            <tooltip><![CDATA[When set to Yes, your Terms and Conditions pdf document
                                (from <b>Sales &gt; Terms and Conditions</b>) will be automatically attached to the email. Terms
                                and conditions as html and text files are not supported.]]></tooltip>
                            <frontend_type>select</frontend_type>
                            <source_model>adminhtml/system_config_source_yesno</source_model>
                            <sort_order>70</sort_order>
                            <show_in_default>1</show_in_default>
                            <show_in_website>1</show_in_website>
                            <show_in_store>1</show_in_store>
                        </attachagreement>
                        <attachfile_1 translate="label">
                            <label>Attach Pdf File</label>
                            <tooltip>Choose to upload any pdf document to automatically attach to the email - for example,
                                your return policy, a coupon or voucher, your latest newsletter.</tooltip>
                            <frontend_type>file</frontend_type>
                            <upload_dir config="system/filesystem/media">pdfs</upload_dir>
                            <backend_model>emailattachments/system_file</backend_model>
                            <sort_order>75</sort_order>
                            <show_in_default>1</show_in_default>
                            <show_in_website>1</show_in_website>
                            <show_in_store>1</show_in_store>
                        </attachfile_1>
                        <attachfile_2 translate="label">
                            <label>Attach Pdf File</label>
                            <tooltip>Choose to upload any pdf document to automatically attach to the email - for example,
                                your return policy, a coupon or voucher, your latest newsletter.</tooltip>
                            <frontend_type>file</frontend_type>
                            <upload_dir config="system/filesystem/media">pdfs</upload_dir>
                            <backend_model>emailattachments/system_file</backend_model>
                            <sort_order>75</sort_order>
                            <show_in_default>1</show_in_default>
                            <show_in_website>1</show_in_website>
                            <show_in_store>1</show_in_store>
                        </attachfile_2>
                        <attachfile_3 translate="label">
                            <label>Attach Pdf File</label>
                            <tooltip>Choose to upload any pdf document to automatically attach to the email - for example,
                                your return policy, a coupon or voucher, your latest newsletter.</tooltip>
                            <frontend_type>file</frontend_type>
                            <upload_dir config="system/filesystem/media">pdfs</upload_dir>
                            <backend_model>emailattachments/system_file</backend_model>
                            <sort_order>75</sort_order>
                            <show_in_default>1</show_in_default>
                            <show_in_website>1</show_in_website>
                            <show_in_store>1</show_in_store>
                        </attachfile_3>
                        <attachfile_4 translate="label">
                            <label>Attach Pdf File</label>
                            <tooltip>Choose to upload any pdf document to automatically attach to the email - for example,
                                your return policy, a coupon or voucher, your latest newsletter.</tooltip>
                            <frontend_type>file</frontend_type>
                            <upload_dir config="system/filesystem/media">pdfs</upload_dir>
                            <backend_model>emailattachments/system_file</backend_model>
                            <sort_order>75</sort_order>
                            <show_in_default>1</show_in_default>
                            <show_in_website>1</show_in_website>
                            <show_in_store>1</show_in_store>
                        </attachfile_4>
                        <attachfile_5 translate="label">
                            <label>Attach Pdf File</label>
                            <tooltip>Choose to upload any pdf document to automatically attach to the email - for example,
                                your return policy, a coupon or voucher, your latest newsletter.</tooltip>
                            <frontend_type>file</frontend_type>
                            <upload_dir config="system/filesystem/media">pdfs</upload_dir>
                            <backend_model>emailattachments/system_file</backend_model>
                            <sort_order>75</sort_order>
                            <show_in_default>1</show_in_default>
                            <show_in_website>1</show_in_website>
                            <show_in_store>1</show_in_store>
                        </attachfile_5>
                    </fields>
                </shipment>
                <shipment_comment>
                    <fields>
                        <attachpdf translate="label">
                            <label>Attach Packing Slip as PDF</label>
                            <tooltip>When set to Yes, your packing slip pdf document will be
                                automatically attached to the shipment email.</tooltip>
                            <frontend_type>select</frontend_type>
                            <source_model>adminhtml/system_config_source_yesno</source_model>
                            <sort_order>50</sort_order>
                            <show_in_default>1</show_in_default>
                            <show_in_website>1</show_in_website>
                            <show_in_store>1</show_in_store>
                        </attachpdf>
                        <attachagreement translate="label">
                            <label>Attach Terms and Conditions</label>
                            <tooltip><![CDATA[When set to Yes, your Terms and Conditions pdf document
                                (from <b>Sales &gt; Terms and Conditions</b>) will be automatically attached to the email. Terms
                                and conditions as html and text files are not supported.]]></tooltip>
                            <frontend_type>select</frontend_type>
                            <source_model>adminhtml/system_config_source_yesno</source_model>
                            <sort_order>70</sort_order>
                            <show_in_default>1</show_in_default>
                            <show_in_website>1</show_in_website>
                            <show_in_store>1</show_in_store>
                        </attachagreement>
                        <attachfile_1 translate="label">
                            <label>Attach Pdf File</label>
                            <tooltip>Choose to upload any pdf document to automatically attach to the email - for example,
                                your return policy, a coupon or voucher, your latest newsletter.</tooltip>
                            <frontend_type>file</frontend_type>
                            <upload_dir config="system/filesystem/media">pdfs</upload_dir>
                            <backend_model>emailattachments/system_file</backend_model>
                            <sort_order>75</sort_order>
                            <show_in_default>1</show_in_default>
                            <show_in_website>1</show_in_website>
                            <show_in_store>1</show_in_store>
                        </attachfile_1>
                        <attachfile_2 translate="label">
                            <label>Attach Pdf File</label>
                            <tooltip>Choose to upload any pdf document to automatically attach to the email - for example,
                                your return policy, a coupon or voucher, your latest newsletter.</tooltip>
                            <frontend_type>file</frontend_type>
                            <upload_dir config="system/filesystem/media">pdfs</upload_dir>
                            <backend_model>emailattachments/system_file</backend_model>
                            <sort_order>75</sort_order>
                            <show_in_default>1</show_in_default>
                            <show_in_website>1</show_in_website>
                            <show_in_store>1</show_in_store>
                        </attachfile_2>
                        <attachfile_3 translate="label">
                            <label>Attach Pdf File</label>
                            <tooltip>Choose to upload any pdf document to automatically attach to the email - for example,
                                your return policy, a coupon or voucher, your latest newsletter.</tooltip>
                            <frontend_type>file</frontend_type>
                            <upload_dir config="system/filesystem/media">pdfs</upload_dir>
                            <backend_model>emailattachments/system_file</backend_model>
                            <sort_order>75</sort_order>
                            <show_in_default>1</show_in_default>
                            <show_in_website>1</show_in_website>
                            <show_in_store>1</show_in_store>
                        </attachfile_3>
                        <attachfile_4 translate="label">
                            <label>Attach Pdf File</label>
                            <tooltip>Choose to upload any pdf document to automatically attach to the email - for example,
                                your return policy, a coupon or voucher, your latest newsletter.</tooltip>
                            <frontend_type>file</frontend_type>
                            <upload_dir config="system/filesystem/media">pdfs</upload_dir>
                            <backend_model>emailattachments/system_file</backend_model>
                            <sort_order>75</sort_order>
                            <show_in_default>1</show_in_default>
                            <show_in_website>1</show_in_website>
                            <show_in_store>1</show_in_store>
                        </attachfile_4>
                        <attachfile_5 translate="label">
                            <label>Attach Pdf File</label>
                            <tooltip>Choose to upload any pdf document to automatically attach to the email - for example,
                                your return policy, a coupon or voucher, your latest newsletter.</tooltip>
                            <frontend_type>file</frontend_type>
                            <upload_dir config="system/filesystem/media">pdfs</upload_dir>
                            <backend_model>emailattachments/system_file</backend_model>
                            <sort_order>75</sort_order>
                            <show_in_default>1</show_in_default>
                            <show_in_website>1</show_in_website>
                            <show_in_store>1</show_in_store>
                        </attachfile_5>
                    </fields>
                </shipment_comment>
                <creditmemo>
                    <fields>
                        <attachpdf translate="label">
                            <label>Attach Credit Memo as PDF</label>
                            <tooltip>When set to Yes, your packing slip pdf document will be
                                automatically attached to the shipment comment email.</tooltip>
                            <frontend_type>select</frontend_type>
                            <source_model>adminhtml/system_config_source_yesno</source_model>
                            <sort_order>50</sort_order>
                            <show_in_default>1</show_in_default>
                            <show_in_website>1</show_in_website>
                            <show_in_store>1</show_in_store>
                        </attachpdf>
                        <attachagreement translate="label">
                            <label>Attach Terms and Conditions</label>
                            <tooltip><![CDATA[When set to Yes, your Terms and Conditions pdf document
                                (from <b>Sales &gt; Terms and Conditions</b>) will be automatically attached to the email. Terms
                                and conditions as html and text files are not supported.]]></tooltip>
                            <frontend_type>select</frontend_type>
                            <source_model>adminhtml/system_config_source_yesno</source_model>
                            <sort_order>70</sort_order>
                            <show_in_default>1</show_in_default>
                            <show_in_website>1</show_in_website>
                            <show_in_store>1</show_in_store>
                        </attachagreement>
                        <attachfile_1 translate="label">
                            <label>Attach Pdf File</label>
                            <tooltip>Choose to upload any pdf document to automatically attach to the email - for example,
                                your return policy, a coupon or voucher, your latest newsletter.</tooltip>
                            <frontend_type>file</frontend_type>
                            <upload_dir config="system/filesystem/media">pdfs</upload_dir>
                            <backend_model>emailattachments/system_file</backend_model>
                            <sort_order>75</sort_order>
                            <show_in_default>1</show_in_default>
                            <show_in_website>1</show_in_website>
                            <show_in_store>1</show_in_store>
                        </attachfile_1>
                        <attachfile_2 translate="label">
                            <label>Attach Pdf File</label>
                            <tooltip>Choose to upload any pdf document to automatically attach to the email - for example,
                                your return policy, a coupon or voucher, your latest newsletter.</tooltip>
                            <frontend_type>file</frontend_type>
                            <upload_dir config="system/filesystem/media">pdfs</upload_dir>
                            <backend_model>emailattachments/system_file</backend_model>
                            <sort_order>75</sort_order>
                            <show_in_default>1</show_in_default>
                            <show_in_website>1</show_in_website>
                            <show_in_store>1</show_in_store>
                        </attachfile_2>
                        <attachfile_3 translate="label">
                            <label>Attach Pdf File</label>
                            <tooltip>Choose to upload any pdf document to automatically attach to the email - for example,
                                your return policy, a coupon or voucher, your latest newsletter.</tooltip>
                            <frontend_type>file</frontend_type>
                            <upload_dir config="system/filesystem/media">pdfs</upload_dir>
                            <backend_model>emailattachments/system_file</backend_model>
                            <sort_order>75</sort_order>
                            <show_in_default>1</show_in_default>
                            <show_in_website>1</show_in_website>
                            <show_in_store>1</show_in_store>
                        </attachfile_3>
                        <attachfile_4 translate="label">
                            <label>Attach Pdf File</label>
                            <tooltip>Choose to upload any pdf document to automatically attach to the email - for example,
                                your return policy, a coupon or voucher, your latest newsletter.</tooltip>
                            <frontend_type>file</frontend_type>
                            <upload_dir config="system/filesystem/media">pdfs</upload_dir>
                            <backend_model>emailattachments/system_file</backend_model>
                            <sort_order>75</sort_order>
                            <show_in_default>1</show_in_default>
                            <show_in_website>1</show_in_website>
                            <show_in_store>1</show_in_store>
                        </attachfile_4>
                        <attachfile_5 translate="label">
                            <label>Attach Pdf File</label>
                            <tooltip>Choose to upload any pdf document to automatically attach to the email - for example,
                                your return policy, a coupon or voucher, your latest newsletter.</tooltip>
                            <frontend_type>file</frontend_type>
                            <upload_dir config="system/filesystem/media">pdfs</upload_dir>
                            <backend_model>emailattachments/system_file</backend_model>
                            <sort_order>75</sort_order>
                            <show_in_default>1</show_in_default>
                            <show_in_website>1</show_in_website>
                            <show_in_store>1</show_in_store>
                        </attachfile_5>
                    </fields>
                </creditmemo>
                <creditmemo_comment>
                    <fields>
                        <attachpdf translate="label">
                            <label>Attach Credit Memo as PDF</label>
                            <tooltip>When set to Yes, your packing slip pdf document will be
                                automatically attached to the shipment comment email.</tooltip>
                            <frontend_type>select</frontend_type>
                            <source_model>adminhtml/system_config_source_yesno</source_model>
                            <sort_order>50</sort_order>
                            <show_in_default>1</show_in_default>
                            <show_in_website>1</show_in_website>
                            <show_in_store>1</show_in_store>
                        </attachpdf>
                        <attachagreement translate="label">
                            <label>Attach Terms and Conditions</label>
                            <tooltip><![CDATA[When set to Yes, your Terms and Conditions pdf document
                                (from <b>Sales &gt; Terms and Conditions</b>) will be automatically attached to the email. Terms
                                and conditions as html and text files are not supported.]]></tooltip>
                            <frontend_type>select</frontend_type>
                            <source_model>adminhtml/system_config_source_yesno</source_model>
                            <sort_order>70</sort_order>
                            <show_in_default>1</show_in_default>
                            <show_in_website>1</show_in_website>
                            <show_in_store>1</show_in_store>
                        </attachagreement>
                        <attachfile_1 translate="label">
                            <label>Attach Pdf File</label>
                            <tooltip>Choose to upload any pdf document to automatically attach to the email - for example,
                                your return policy, a coupon or voucher, your latest newsletter.</tooltip>
                            <frontend_type>file</frontend_type>
                            <upload_dir config="system/filesystem/media">pdfs</upload_dir>
                            <backend_model>emailattachments/system_file</backend_model>
                            <sort_order>75</sort_order>
                            <show_in_default>1</show_in_default>
                            <show_in_website>1</show_in_website>
                            <show_in_store>1</show_in_store>
                        </attachfile_1>
                        <attachfile_2 translate="label">
                            <label>Attach Pdf File</label>
                            <tooltip>Choose to upload any pdf document to automatically attach to the email - for example,
                                your return policy, a coupon or voucher, your latest newsletter.</tooltip>
                            <frontend_type>file</frontend_type>
                            <upload_dir config="system/filesystem/media">pdfs</upload_dir>
                            <backend_model>emailattachments/system_file</backend_model>
                            <sort_order>75</sort_order>
                            <show_in_default>1</show_in_default>
                            <show_in_website>1</show_in_website>
                            <show_in_store>1</show_in_store>
                        </attachfile_2>
                        <attachfile_3 translate="label">
                            <label>Attach Pdf File</label>
                            <tooltip>Choose to upload any pdf document to automatically attach to the email - for example,
                                your return policy, a coupon or voucher, your latest newsletter.</tooltip>
                            <frontend_type>file</frontend_type>
                            <upload_dir config="system/filesystem/media">pdfs</upload_dir>
                            <backend_model>emailattachments/system_file</backend_model>
                            <sort_order>75</sort_order>
                            <show_in_default>1</show_in_default>
                            <show_in_website>1</show_in_website>
                            <show_in_store>1</show_in_store>
                        </attachfile_3>
                        <attachfile_4 translate="label">
                            <label>Attach Pdf File</label>
                            <tooltip>Choose to upload any pdf document to automatically attach to the email - for example,
                                your return policy, a coupon or voucher, your latest newsletter.</tooltip>
                            <frontend_type>file</frontend_type>
                            <upload_dir config="system/filesystem/media">pdfs</upload_dir>
                            <backend_model>emailattachments/system_file</backend_model>
                            <sort_order>75</sort_order>
                            <show_in_default>1</show_in_default>
                            <show_in_website>1</show_in_website>
                            <show_in_store>1</show_in_store>
                        </attachfile_4>
                        <attachfile_5 translate="label">
                            <label>Attach Pdf File</label>
                            <tooltip>Choose to upload any pdf document to automatically attach to the email - for example,
                                your return policy, a coupon or voucher, your latest newsletter.</tooltip>
                            <frontend_type>file</frontend_type>
                            <upload_dir config="system/filesystem/media">pdfs</upload_dir>
                            <backend_model>emailattachments/system_file</backend_model>
                            <sort_order>75</sort_order>
                            <show_in_default>1</show_in_default>
                            <show_in_website>1</show_in_website>
                            <show_in_store>1</show_in_store>
                        </attachfile_5>
                    </fields>
                </creditmemo_comment>
            </groups>
        </sales_email>
    </sections>
</config>
